{
    "children":{
        "duck":{
            "transform":{
                "scale": [0.01, 0.01, 0.01],
                "position":[0, 1, 0]
            },
            "mount": "duck"
        },
        "box":{
            "mount": "cube"
        },
        "camera": {
            "components":{
                "Camera": {
                    "ProjectionMatrix":[
                        1.810660, 0.000000,  0.000000,  0.000000,
                        0.000000, 2.414213,  0.000000,  0.000000,
                        0.000000, 0.000000, -1.002002, -1.000000,
                        0.000000, 0.000000, -0.200200,  0.000000
                    ]
                },
                "ArcBall": {
                    "Dist": 10
                }
            }
        }
    }
}